{
  "timestamp": "2025-12-31T14:06:56.405943",
  "model": "cosmos-bert",
  "model_path": "ytu-ce-cosmos/turkish-base-bert-uncased",
  "n_samples": 20,
  "config": {
    "lambda_causal": 0.7,
    "ig_steps": 30,
    "n_runs": 1
  },
  "methods": {
    "Token-IG": {
      "name": "Token-IG",
      "n_samples": 20,
      "comp_mean": -0.08929038047790527,
      "comp_std": 0.0,
      "suff_mean": 0.021636903285980225,
      "suff_std": 0.0,
      "faith_corr_mean": 0.5433012701892219,
      "faith_corr_std": 0.49226388229361095,
      "precision_at_1": 0.0,
      "precision_at_3": 0.0,
      "recall_at_1": 0.0,
      "recall_at_3": 0.0,
      "f1_at_1": 0.0,
      "f1_at_3": 0.0,
      "avg_compression": 2.15,
      "avg_density": 1.6,
      "avg_entropy": 0.5349830389022827,
      "avg_top_concentration": 0.841079592704773
    },
    "SHAP": {
      "name": "SHAP",
      "n_samples": 20,
      "comp_mean": -0.08929038047790527,
      "comp_std": 0.0,
      "suff_mean": 0.021636903285980225,
      "suff_std": 0.0,
      "faith_corr_mean": 0.0,
      "faith_corr_std": 0.0,
      "precision_at_1": 0.0,
      "precision_at_3": 0.0,
      "recall_at_1": 0.0,
      "recall_at_3": 0.0,
      "f1_at_1": 0.0,
      "f1_at_3": 0.0,
      "avg_compression": 2.15,
      "avg_density": 1.6,
      "avg_entropy": 1.0986121892929077,
      "avg_top_concentration": 0.0
    },
    "DeepLIFT": {
      "name": "DeepLIFT",
      "n_samples": 20,
      "comp_mean": -0.08929038047790527,
      "comp_std": 0.0,
      "suff_mean": 0.021636903285980225,
      "suff_std": 0.0,
      "faith_corr_mean": 0.0,
      "faith_corr_std": 0.0,
      "precision_at_1": 0.0,
      "precision_at_3": 0.0,
      "recall_at_1": 0.0,
      "recall_at_3": 0.0,
      "f1_at_1": 0.0,
      "f1_at_3": 0.0,
      "avg_compression": 2.15,
      "avg_density": 1.6,
      "avg_entropy": 1.0986121892929077,
      "avg_top_concentration": 0.0
    },
    "Random": {
      "name": "Random",
      "n_samples": 20,
      "comp_mean": -0.011376777291297912,
      "comp_std": 0.012577500532890336,
      "suff_mean": 0.0146956205368042,
      "suff_std": 0.08737261424464443,
      "faith_corr_mean": 0.0,
      "faith_corr_std": 0.0,
      "precision_at_1": 55.0,
      "precision_at_3": 33.333333333333336,
      "recall_at_1": 55.0,
      "recall_at_3": 100.0,
      "f1_at_1": 55.0,
      "f1_at_3": 50.0,
      "avg_compression": 2.15,
      "avg_density": 1.6,
      "avg_entropy": 0.39685378342500516,
      "avg_top_concentration": 0.7520623796991602
    },
    "MAFEX": {
      "name": "MAFEX",
      "n_samples": 20,
      "comp_mean": -0.02528172731399536,
      "comp_std": 0.0,
      "suff_mean": 0.11128968000411987,
      "suff_std": 0.0,
      "faith_corr_mean": 0.04206304961780412,
      "faith_corr_std": 0.18334858254114525,
      "precision_at_1": 95.0,
      "precision_at_3": 33.333333333333336,
      "recall_at_1": 95.0,
      "recall_at_3": 100.0,
      "f1_at_1": 95.0,
      "f1_at_3": 50.0,
      "avg_compression": 2.15,
      "avg_density": 1.6,
      "avg_entropy": 0.323693061575884,
      "avg_top_concentration": 0.8538155492551531
    }
  }
}