{
  "timestamp": "2025-12-31T14:06:52.337546",
  "model": "berturk-sentiment",
  "model_path": "savasy/bert-base-turkish-sentiment-cased",
  "n_samples": 20,
  "config": {
    "lambda_causal": 0.7,
    "ig_steps": 30,
    "n_runs": 1
  },
  "methods": {
    "Token-IG": {
      "name": "Token-IG",
      "n_samples": 20,
      "comp_mean": 0.3120187228545547,
      "comp_std": 0.4143393386230681,
      "suff_mean": 0.0358376931399107,
      "suff_std": 0.18888350297005907,
      "faith_corr_mean": 0.5433012701892219,
      "faith_corr_std": 0.49226388229361095,
      "precision_at_1": 45.0,
      "precision_at_3": 19.999999999999993,
      "recall_at_1": 45.0,
      "recall_at_3": 60.0,
      "f1_at_1": 45.0,
      "f1_at_3": 30.0,
      "avg_compression": 2.8166666666666664,
      "avg_density": 1.6,
      "avg_entropy": 1.052497148513794,
      "avg_top_concentration": 0.5332100987434387
    },
    "SHAP": {
      "name": "SHAP",
      "n_samples": 20,
      "comp_mean": 0.011147618293762207,
      "comp_std": 0.1460398400869484,
      "suff_mean": 0.4538084418512881,
      "suff_std": 0.49230167789789664,
      "faith_corr_mean": 0.0,
      "faith_corr_std": 0.0,
      "precision_at_1": 0.0,
      "precision_at_3": 19.999999999999993,
      "recall_at_1": 0.0,
      "recall_at_3": 60.0,
      "f1_at_1": 0.0,
      "f1_at_3": 30.0,
      "avg_compression": 2.8166666666666664,
      "avg_density": 1.6,
      "avg_entropy": 1.3190772533416748,
      "avg_top_concentration": 0.0
    },
    "DeepLIFT": {
      "name": "DeepLIFT",
      "n_samples": 20,
      "comp_mean": 0.011147618293762207,
      "comp_std": 0.1460398400869484,
      "suff_mean": 0.4538084418512881,
      "suff_std": 0.49230167789789664,
      "faith_corr_mean": 0.0,
      "faith_corr_std": 0.0,
      "precision_at_1": 0.0,
      "precision_at_3": 19.999999999999993,
      "recall_at_1": 0.0,
      "recall_at_3": 60.0,
      "f1_at_1": 0.0,
      "f1_at_3": 30.0,
      "avg_compression": 2.8166666666666664,
      "avg_density": 1.6,
      "avg_entropy": 1.3190772533416748,
      "avg_top_concentration": 0.0
    },
    "Random": {
      "name": "Random",
      "n_samples": 20,
      "comp_mean": 0.12886642031371592,
      "comp_std": 0.3321661176875621,
      "suff_mean": 0.3470997266471386,
      "suff_std": 0.41343619169121176,
      "faith_corr_mean": 0.0,
      "faith_corr_std": 0.0,
      "precision_at_1": 55.0,
      "precision_at_3": 33.333333333333336,
      "recall_at_1": 55.0,
      "recall_at_3": 100.0,
      "f1_at_1": 55.0,
      "f1_at_3": 50.0,
      "avg_compression": 2.8166666666666664,
      "avg_density": 1.6,
      "avg_entropy": 0.39685378342500516,
      "avg_top_concentration": 0.7520623796991602
    },
    "MAFEX": {
      "name": "MAFEX",
      "n_samples": 20,
      "comp_mean": 0.43895857594907284,
      "comp_std": 0.4715616020206763,
      "suff_mean": 0.04970577135682106,
      "suff_std": 0.20157616981943244,
      "faith_corr_mean": 0.04206304961780412,
      "faith_corr_std": 0.18334858254114525,
      "precision_at_1": 95.0,
      "precision_at_3": 33.333333333333336,
      "recall_at_1": 95.0,
      "recall_at_3": 100.0,
      "f1_at_1": 95.0,
      "f1_at_3": 50.0,
      "avg_compression": 2.8166666666666664,
      "avg_density": 1.6,
      "avg_entropy": 0.26916734778793694,
      "avg_top_concentration": 0.8863278483687443
    }
  }
}