{
  "timestamp": "2025-12-31T14:06:22.775562",
  "model": "berturk",
  "model_path": "dbmdz/bert-base-turkish-cased",
  "n_samples": 20,
  "config": {
    "lambda_causal": 0.7,
    "ig_steps": 30,
    "n_runs": 1
  },
  "methods": {
    "Token-IG": {
      "name": "Token-IG",
      "n_samples": 20,
      "comp_mean": 0.043918417394161226,
      "comp_std": 0.06369441969129336,
      "suff_mean": 0.0462838888168335,
      "suff_std": 0.03497694320453444,
      "faith_corr_mean": 0.5433012701892219,
      "faith_corr_std": 0.49226388229361095,
      "precision_at_1": 10.0,
      "precision_at_3": 24.999999999999993,
      "recall_at_1": 10.0,
      "recall_at_3": 75.0,
      "f1_at_1": 10.0,
      "f1_at_3": 37.5,
      "avg_compression": 2.9166666666666665,
      "avg_density": 1.6,
      "avg_entropy": 1.0368478298187256,
      "avg_top_concentration": 0.5487843751907349
    },
    "SHAP": {
      "name": "SHAP",
      "n_samples": 20,
      "comp_mean": 0.035657253861427304,
      "comp_std": 0.07687997077897565,
      "suff_mean": 0.05148868560791016,
      "suff_std": 0.02903983178585229,
      "faith_corr_mean": 0.0,
      "faith_corr_std": 0.0,
      "precision_at_1": 0.0,
      "precision_at_3": 28.333333333333332,
      "recall_at_1": 0.0,
      "recall_at_3": 85.0,
      "f1_at_1": 0.0,
      "f1_at_3": 42.5,
      "avg_compression": 2.9166666666666665,
      "avg_density": 1.6,
      "avg_entropy": 1.3877708911895752,
      "avg_top_concentration": 0.0
    },
    "DeepLIFT": {
      "name": "DeepLIFT",
      "n_samples": 20,
      "comp_mean": 0.035657253861427304,
      "comp_std": 0.07687997077897565,
      "suff_mean": 0.05148868560791016,
      "suff_std": 0.02903983178585229,
      "faith_corr_mean": 0.0,
      "faith_corr_std": 0.0,
      "precision_at_1": 0.0,
      "precision_at_3": 28.333333333333332,
      "recall_at_1": 0.0,
      "recall_at_3": 85.0,
      "f1_at_1": 0.0,
      "f1_at_3": 42.5,
      "avg_compression": 2.9166666666666665,
      "avg_density": 1.6,
      "avg_entropy": 1.3877708911895752,
      "avg_top_concentration": 0.0
    },
    "Random": {
      "name": "Random",
      "n_samples": 20,
      "comp_mean": 0.02186642438173294,
      "comp_std": 0.025083070415946367,
      "suff_mean": 0.02107401341199875,
      "suff_std": 0.10439942915306082,
      "faith_corr_mean": 0.0,
      "faith_corr_std": 0.0,
      "precision_at_1": 55.0,
      "precision_at_3": 33.333333333333336,
      "recall_at_1": 55.0,
      "recall_at_3": 100.0,
      "f1_at_1": 55.0,
      "f1_at_3": 50.0,
      "avg_compression": 2.9166666666666665,
      "avg_density": 1.6,
      "avg_entropy": 0.39685378342500516,
      "avg_top_concentration": 0.7520623796991602
    },
    "MAFEX": {
      "name": "MAFEX",
      "n_samples": 20,
      "comp_mean": 0.05650221705436707,
      "comp_std": 0.03247778947647822,
      "suff_mean": 0.011195607483386993,
      "suff_std": 0.08159186074831562,
      "faith_corr_mean": 0.04206304961780412,
      "faith_corr_std": 0.18334858254114525,
      "precision_at_1": 90.0,
      "precision_at_3": 33.333333333333336,
      "recall_at_1": 90.0,
      "recall_at_3": 100.0,
      "f1_at_1": 90.0,
      "f1_at_3": 50.0,
      "avg_compression": 2.9166666666666665,
      "avg_density": 1.6,
      "avg_entropy": 0.27656798586894404,
      "avg_top_concentration": 0.8750607239228751
    }
  }
}