{
  "timestamp": "2025-12-31T14:08:10.823220",
  "model": "kumru",
  "model_path": "vngrs-ai/Kumru-2B",
  "n_samples": 20,
  "config": {
    "lambda_causal": 0.7,
    "ig_steps": 30,
    "n_runs": 1
  },
  "methods": {
    "Token-IG": {
      "name": "Token-IG",
      "n_samples": 20,
      "comp_mean": 0.2928464523753934,
      "comp_std": 0.12698901749343916,
      "suff_mean": 0.2974040348590686,
      "suff_std": 0.12990182447826112,
      "faith_corr_mean": 0.5433012701892219,
      "faith_corr_std": 0.49226388229361095,
      "precision_at_1": 0.0,
      "precision_at_3": 21.666666666666664,
      "recall_at_1": 0.0,
      "recall_at_3": 65.0,
      "f1_at_1": 0.0,
      "f1_at_3": 32.5,
      "avg_compression": 2.2666666666666666,
      "avg_density": 1.6,
      "avg_entropy": 9.79456672212109e-05,
      "avg_top_concentration": 0.9999920129776001
    },
    "SHAP": {
      "name": "SHAP",
      "n_samples": 20,
      "comp_mean": 0.29446902805688924,
      "comp_std": 0.13054561639487391,
      "suff_mean": 0.2869619977468648,
      "suff_std": 0.13753802591484268,
      "faith_corr_mean": 0.0,
      "faith_corr_std": 0.0,
      "precision_at_1": 35.0,
      "precision_at_3": 23.33333333333333,
      "recall_at_1": 35.0,
      "recall_at_3": 70.0,
      "f1_at_1": 35.0,
      "f1_at_3": 35.0,
      "avg_compression": 2.2666666666666666,
      "avg_density": 1.6,
      "avg_entropy": 1.16464364528656,
      "avg_top_concentration": 0.0
    },
    "DeepLIFT": {
      "name": "DeepLIFT",
      "n_samples": 20,
      "comp_mean": 0.29446902805688924,
      "comp_std": 0.13054561639487391,
      "suff_mean": 0.2869619977468648,
      "suff_std": 0.13753802591484268,
      "faith_corr_mean": 0.0,
      "faith_corr_std": 0.0,
      "precision_at_1": 35.0,
      "precision_at_3": 23.33333333333333,
      "recall_at_1": 35.0,
      "recall_at_3": 70.0,
      "f1_at_1": 35.0,
      "f1_at_3": 35.0,
      "avg_compression": 2.2666666666666666,
      "avg_density": 1.6,
      "avg_entropy": 1.16464364528656,
      "avg_top_concentration": 0.0
    },
    "Random": {
      "name": "Random",
      "n_samples": 20,
      "comp_mean": 0.14964490272462375,
      "comp_std": 0.18559573830552745,
      "suff_mean": 0.2972931666408673,
      "suff_std": 0.12972069572305578,
      "faith_corr_mean": 0.0,
      "faith_corr_std": 0.0,
      "precision_at_1": 55.0,
      "precision_at_3": 33.333333333333336,
      "recall_at_1": 55.0,
      "recall_at_3": 100.0,
      "f1_at_1": 55.0,
      "f1_at_3": 50.0,
      "avg_compression": 2.2666666666666666,
      "avg_density": 1.6,
      "avg_entropy": 0.39685378342500516,
      "avg_top_concentration": 0.7520623796991602
    },
    "MAFEX": {
      "name": "MAFEX",
      "n_samples": 20,
      "comp_mean": 0.2554200822102823,
      "comp_std": 0.14795698532885232,
      "suff_mean": 0.29593499218999175,
      "suff_std": 0.13130372401128296,
      "faith_corr_mean": 0.0,
      "faith_corr_std": 0.0,
      "precision_at_1": 85.0,
      "precision_at_3": 33.333333333333336,
      "recall_at_1": 85.0,
      "recall_at_3": 100.0,
      "f1_at_1": 85.0,
      "f1_at_3": 50.0,
      "avg_compression": 2.2666666666666666,
      "avg_density": 1.6,
      "avg_entropy": 0.38127344252844736,
      "avg_top_concentration": 0.7725241480480862
    }
  }
}