{
  "timestamp": "2025-12-31T14:06:03.536920",
  "model": "berturk",
  "model_path": "dbmdz/bert-base-turkish-cased",
  "n_samples": 5,
  "config": {
    "lambda_causal": 0.7,
    "ig_steps": 30,
    "n_runs": 1
  },
  "methods": {
    "Token-IG": {
      "name": "Token-IG",
      "n_samples": 5,
      "comp_mean": 0.09819383025169373,
      "comp_std": 0.07125212265526215,
      "suff_mean": 0.04620012640953064,
      "suff_std": 0.09683958560537917,
      "faith_corr_mean": 0.5999999999999999,
      "faith_corr_std": 0.48989794855663554,
      "precision_at_1": 20.0,
      "precision_at_3": 19.999999999999996,
      "recall_at_1": 20.0,
      "recall_at_3": 60.0,
      "f1_at_1": 20.0,
      "f1_at_3": 30.0,
      "avg_compression": 3.3,
      "avg_density": 1.6,
      "avg_entropy": 1.1506961584091187,
      "avg_top_concentration": 0.5514976382255554
    },
    "SHAP": {
      "name": "SHAP",
      "n_samples": 5,
      "comp_mean": 0.11708166599273681,
      "comp_std": 0.08809262179371807,
      "suff_mean": 0.07267141342163086,
      "suff_std": 0.09334638475585358,
      "faith_corr_mean": 0.0,
      "faith_corr_std": 0.0,
      "precision_at_1": 0.0,
      "precision_at_3": 26.666666666666664,
      "recall_at_1": 0.0,
      "recall_at_3": 80.0,
      "f1_at_1": 0.0,
      "f1_at_3": 40.0,
      "avg_compression": 3.3,
      "avg_density": 1.6,
      "avg_entropy": 1.5201804637908936,
      "avg_top_concentration": 0.0
    },
    "DeepLIFT": {
      "name": "DeepLIFT",
      "n_samples": 5,
      "comp_mean": 0.11708166599273681,
      "comp_std": 0.08809262179371807,
      "suff_mean": 0.07267141342163086,
      "suff_std": 0.09334638475585358,
      "faith_corr_mean": 0.0,
      "faith_corr_std": 0.0,
      "precision_at_1": 0.0,
      "precision_at_3": 26.666666666666664,
      "recall_at_1": 0.0,
      "recall_at_3": 80.0,
      "f1_at_1": 0.0,
      "f1_at_3": 40.0,
      "avg_compression": 3.3,
      "avg_density": 1.6,
      "avg_entropy": 1.5201804637908936,
      "avg_top_concentration": 0.0
    },
    "Random": {
      "name": "Random",
      "n_samples": 5,
      "comp_mean": -0.005160677433013916,
      "comp_std": 0.008606008260807532,
      "suff_mean": 0.09693487882614135,
      "suff_std": 0.11658663741592123,
      "faith_corr_mean": 0.0,
      "faith_corr_std": 0.0,
      "precision_at_1": 40.0,
      "precision_at_3": 33.33333333333333,
      "recall_at_1": 40.0,
      "recall_at_3": 100.0,
      "f1_at_1": 40.0,
      "f1_at_3": 50.0,
      "avg_compression": 3.3,
      "avg_density": 1.6,
      "avg_entropy": 0.4106755596789785,
      "avg_top_concentration": 0.7394878522927885
    },
    "MAFEX": {
      "name": "MAFEX",
      "n_samples": 5,
      "comp_mean": 0.06870118379592896,
      "comp_std": 0.09632013423133673,
      "suff_mean": 0.13520320057868956,
      "suff_std": 0.12823765620157312,
      "faith_corr_mean": 0.0,
      "faith_corr_std": 0.0,
      "precision_at_1": 100.0,
      "precision_at_3": 33.33333333333333,
      "recall_at_1": 100.0,
      "recall_at_3": 100.0,
      "f1_at_1": 100.0,
      "f1_at_3": 50.0,
      "avg_compression": 3.3,
      "avg_density": 1.6,
      "avg_entropy": 0.1938046445194881,
      "avg_top_concentration": 0.9354050919283914
    }
  }
}